City_ID,City,Lat,Lng,Max Temp,Humidity,Cloudiness,Wind Speed,Country,Date
0,Brigantine,39.4101,-74.3646,76.01,89,1,12.12,US,2021-06-07 04:07:10
1,Nara,34.6851,135.8049,85.91,41,99,6.55,JP,2021-06-07 04:04:42
2,Albany,42.6001,-73.9662,72.16,78,15,3.76,US,2021-06-07 04:06:58
3,Ushuaia,-54.8,-68.3,34.02,92,97,7.05,AR,2021-06-07 04:02:16
4,Vaini,-21.2,-175.2,71.76,100,90,5.75,TO,2021-06-07 04:07:11
5,Bathsheba,13.2167,-59.5167,81.21,65,40,19.46,BB,2021-06-07 04:07:11
6,Tomatlan,19.9333,-105.25,78.49,71,75,1.72,MX,2021-06-07 04:07:11
7,Puerto Ayora,-0.7393,-90.3518,72.55,98,24,9.19,EC,2021-06-07 04:07:12
8,Harer,9.3094,42.1258,60.3,82,7,3.96,ET,2021-06-07 04:07:12
9,Luau,-10.7073,22.2247,53.76,74,76,4.23,AO,2021-06-07 04:07:12
10,Sabha,27.0377,14.4283,77.65,21,45,10.02,LY,2021-06-07 04:07:13
11,Hobyo,5.3505,48.5268,79.11,81,4,19.82,SO,2021-06-07 04:07:13
12,Jamestown,42.097,-79.2353,70.34,78,1,9.22,US,2021-06-07 04:07:13
13,Kamenka,51.3223,42.7678,59.76,84,95,3.65,RU,2021-06-07 04:07:14
14,Tiksi,71.6872,128.8694,42.22,70,100,5.44,RU,2021-06-07 04:03:55
15,Hilo,19.7297,-155.09,77.29,77,90,4.61,US,2021-06-07 04:05:20
16,Saint-Philippe,-21.3585,55.7679,71.19,83,97,17.4,RE,2021-06-07 04:07:14
17,Mataura,-46.1927,168.8643,49.48,76,0,2.82,NZ,2021-06-07 04:07:15
18,Faanui,-16.4833,-151.75,81.28,76,31,11.07,PF,2021-06-07 04:07:15
19,Oranjestad,12.524,-70.027,82.35,82,20,5.99,AW,2021-06-07 04:07:15
20,Bluff,-46.6,168.3333,49.8,73,7,7.23,NZ,2021-06-07 04:04:02
21,Abonnema,4.7084,6.7931,72.09,95,69,0.98,NG,2021-06-07 04:07:16
22,Punta Arenas,-53.15,-70.9167,35.71,87,0,10.47,CL,2021-06-07 04:07:16
23,Pimentel,-6.8367,-79.9342,66.99,85,98,1.99,PE,2021-06-07 04:07:16
24,Bay Roberts,47.5999,-53.2648,40.05,91,63,5.99,CA,2021-06-07 04:07:17
25,Sassandra,4.95,-6.0833,76.86,90,36,5.39,CI,2021-06-07 04:07:17
26,Hermanus,-34.4187,19.2345,54.81,48,2,11.97,ZA,2021-06-07 04:07:17
27,Rikitea,-23.1203,-134.9692,76.53,85,100,15.95,PF,2021-06-07 04:02:20
28,Adrar,20.5022,-10.0711,88.11,14,0,17.45,MR,2021-06-07 04:07:18
29,Carnarvon,-24.8667,113.6333,76.26,46,100,11.86,AU,2021-06-07 04:07:18
30,Sao Filipe,14.8961,-24.4956,73.24,77,9,10.85,CV,2021-06-07 04:07:19
31,Provideniya,64.3833,-173.3,44.71,61,75,4.47,RU,2021-06-07 04:07:19
32,Qaanaaq,77.484,-69.3632,38.55,73,40,6.17,GL,2021-06-07 04:07:20
33,Dikson,73.5069,80.5464,30.06,94,100,13.02,RU,2021-06-07 04:07:20
34,Mount Gambier,-37.8333,140.7667,65.39,47,100,17.16,AU,2021-06-07 04:07:20
35,Viedma,-40.8135,-62.9967,50.0,45,100,14.32,AR,2021-06-07 04:07:21
36,New Norfolk,-42.7826,147.0587,63.91,52,100,4.0,AU,2021-06-07 04:07:21
37,Kapaa,22.0752,-159.319,84.18,72,7,4.0,US,2021-06-07 04:04:39
38,Gutierrez Zamora,20.45,-97.0833,80.2,88,77,8.39,MX,2021-06-07 04:07:21
39,Senneterre,48.3835,-77.2328,68.99,89,100,13.27,CA,2021-06-07 04:07:22
40,The Valley,18.217,-63.0578,80.1,76,100,18.95,AI,2021-06-07 04:02:58
41,Cape Town,-33.9258,18.4232,66.34,37,4,10.0,ZA,2021-06-07 04:04:57
42,Torbay,47.6666,-52.7314,39.27,92,63,11.99,CA,2021-06-07 04:03:20
43,Kodiak,57.79,-152.4072,63.91,34,1,9.22,US,2021-06-07 04:07:22
44,Krasnoselkup,65.7,82.4667,38.57,63,95,11.48,RU,2021-06-07 04:07:23
45,Saskylakh,71.9167,114.0833,44.83,42,99,7.11,RU,2021-06-07 04:07:23
46,Butaritari,3.0707,172.7902,82.94,72,23,7.87,KI,2021-06-07 04:07:23
47,Ilhabela,-23.7781,-45.3581,70.75,90,93,6.93,BR,2021-06-07 04:02:29
48,Ponta Do Sol,32.6667,-17.1,66.83,78,12,5.39,PT,2021-06-07 04:07:24
49,Bambous Virieux,-20.3428,57.7575,74.21,79,59,18.37,MU,2021-06-07 04:07:24
50,Auki,-8.7676,160.7034,84.56,68,52,2.26,SB,2021-06-07 04:07:24
51,Sitka,57.0531,-135.33,53.49,66,75,4.61,US,2021-06-07 04:07:25
52,Bethel,41.3712,-73.414,76.87,77,20,0.0,US,2021-06-07 04:07:25
53,Elizabeth City,36.2946,-76.2511,79.02,92,1,6.91,US,2021-06-07 04:05:59
54,Korsakovo,53.2677,37.3569,56.05,92,55,8.57,RU,2021-06-07 04:07:26
55,Urucui,-7.2294,-44.5561,80.2,44,95,4.12,BR,2021-06-07 04:07:26
56,Port Augusta,-32.5,137.7667,73.54,27,0,28.05,AU,2021-06-07 04:07:26
57,Ishinomaki,38.4167,141.3,75.56,59,97,5.26,JP,2021-06-07 04:07:27
58,Rawson,-43.3002,-65.1023,47.01,59,48,16.06,AR,2021-06-07 04:07:27
59,Harper,4.375,-7.7169,78.49,85,100,7.47,LR,2021-06-07 04:07:27
60,Molina,-35.1167,-71.2833,50.38,100,100,1.57,CL,2021-06-07 04:07:28
61,Hasaki,35.7333,140.8333,79.09,79,100,2.04,JP,2021-06-07 04:07:28
62,Salinopolis,-0.6136,-47.3561,77.5,85,20,7.81,BR,2021-06-07 04:07:28
63,Yellowknife,62.456,-114.3525,46.56,70,100,7.0,CA,2021-06-07 04:03:55
64,San Patricio,28.017,-97.5169,82.89,90,4,15.05,US,2021-06-07 04:07:29
65,Airai,-8.9266,125.4092,74.46,44,98,2.89,TL,2021-06-07 04:07:29
66,Klaksvik,62.2266,-6.589,49.12,92,100,4.41,FO,2021-06-07 04:07:30
67,Kruisfontein,-34.0033,24.7314,56.26,30,0,9.71,ZA,2021-06-07 04:07:30
68,Atuona,-9.8,-139.0333,80.22,66,6,10.98,PF,2021-06-07 04:02:46
69,Romny,50.751,33.4747,56.37,92,44,6.4,UA,2021-06-07 04:07:30
70,Capul,12.4237,124.1811,84.06,73,100,8.46,PH,2021-06-07 04:07:31
71,Umm Kaddadah,13.6017,26.6876,82.18,17,11,5.84,SD,2021-06-07 04:07:31
72,Upernavik,72.7868,-56.1549,34.3,82,19,5.77,GL,2021-06-07 04:07:31
73,Busselton,-33.65,115.3333,63.05,59,51,9.46,AU,2021-06-07 04:04:07
74,Akyab,20.15,92.9,82.08,85,100,8.66,MM,2021-06-07 04:07:32
75,Iqaluit,63.7506,-68.5145,31.69,86,30,5.99,CA,2021-06-07 04:07:32
76,Mar Del Plata,-38.0023,-57.5575,52.12,71,0,1.01,AR,2021-06-07 04:07:32
77,Khovu-Aksy,51.1333,93.6,53.94,52,19,2.89,RU,2021-06-07 04:07:33
78,Windsor,42.3001,-83.0165,81.07,71,1,7.78,CA,2021-06-07 04:06:52
79,Whitianga,-36.8333,175.7,59.02,90,100,20.94,NZ,2021-06-07 04:07:33
80,Nanortalik,60.1432,-45.2371,42.28,76,100,7.49,GL,2021-06-07 04:07:34
81,Hithadhoo,-0.6,73.0833,83.34,72,24,12.24,MV,2021-06-07 04:07:34
82,Lompoc,34.6391,-120.4579,60.57,87,90,7.02,US,2021-06-07 04:03:56
83,Fairbanks,64.8378,-147.7164,70.14,43,1,5.75,US,2021-06-07 04:07:17
84,Alice Springs,-23.7,133.8833,74.21,21,19,11.99,AU,2021-06-07 04:04:38
85,Souillac,-20.5167,57.5167,74.35,79,90,18.34,MU,2021-06-07 04:07:35
86,Waingapu,-9.6567,120.2641,85.01,65,88,13.27,ID,2021-06-07 04:07:35
87,Kyshtovka,56.555,76.6271,68.49,58,48,10.0,RU,2021-06-07 04:07:35
88,Poum,-20.2333,164.0167,73.62,62,99,16.02,NC,2021-06-07 04:07:36
89,Narsaq,60.9167,-46.05,55.62,79,100,2.59,GL,2021-06-07 04:07:36
90,Chkalovskoye,44.8392,133.0436,71.64,55,0,5.64,RU,2021-06-07 04:07:36
91,Barrow,71.2906,-156.7887,32.02,86,90,13.8,US,2021-06-07 04:05:03
92,Bengkulu,-3.8004,102.2655,83.35,67,54,3.69,ID,2021-06-07 04:07:37
93,Borovoy,55.4333,86.0833,72.68,49,7,12.44,RU,2021-06-07 04:07:42
94,Avera,33.194,-82.5271,73.27,94,100,7.05,US,2021-06-07 04:07:42
95,Hambantota,6.1241,81.1185,84.54,84,20,16.67,LK,2021-06-07 04:07:43
96,Busca,44.5181,7.4743,61.36,100,75,3.53,IT,2021-06-07 04:07:43
97,Road Town,18.4167,-64.6167,80.69,76,100,19.33,VG,2021-06-07 04:07:43
98,Walvis Bay,-22.9575,14.5053,66.83,44,0,12.59,NA,2021-06-07 04:07:44
99,Sorland,67.667,12.6934,51.87,97,100,4.74,NO,2021-06-07 04:07:44
100,Zaysan,47.4667,84.8667,68.22,27,33,4.63,KZ,2021-06-07 04:07:45
101,Manadhoo,5.7667,73.3833,82.56,77,100,16.89,MV,2021-06-07 04:07:45
102,Beringovskiy,63.05,179.3167,34.47,99,100,3.85,RU,2021-06-07 04:07:45
103,Vao,-22.6667,167.4833,69.73,62,22,15.19,NC,2021-06-07 04:03:54
104,Sidi Ali,36.0998,0.4206,65.57,68,3,5.5,DZ,2021-06-07 04:07:46
105,Port Elizabeth,-33.918,25.5701,53.89,43,0,0.0,ZA,2021-06-07 04:07:46
106,San Rafael Del Sur,11.8485,-86.4384,80.85,71,14,10.8,NI,2021-06-07 04:07:46
107,Balykshi,47.0667,51.8667,69.8,56,0,8.95,KZ,2021-06-07 04:07:47
108,Esperance,-33.8667,121.9,55.24,58,87,26.04,AU,2021-06-07 04:07:47
109,Tuatapere,-46.1333,167.6833,49.82,79,6,3.33,NZ,2021-06-07 04:07:47
110,Peniche,39.3558,-9.3811,60.89,86,0,15.5,PT,2021-06-07 04:07:48
111,Bundaberg,-24.85,152.35,68.72,66,66,11.72,AU,2021-06-07 04:07:48
112,Chukhloma,58.7525,42.6825,66.02,53,16,2.37,RU,2021-06-07 04:07:48
113,Cuiluan,47.72,128.648,77.74,36,18,0.98,CN,2021-06-07 04:07:49
114,Apache Junction,33.4151,-111.5496,92.01,7,20,9.24,US,2021-06-07 04:07:16
115,Georgetown,5.4112,100.3354,87.73,74,40,1.01,MY,2021-06-07 04:06:50
116,Mahebourg,-20.4081,57.7,74.25,78,63,18.45,MU,2021-06-07 04:04:13
117,Berlevag,70.8578,29.0864,42.8,65,1,3.42,NO,2021-06-07 04:07:50
118,Codrington,-38.2667,141.9667,65.46,47,100,25.41,AU,2021-06-07 04:07:50
119,Henties Bay,-22.116,14.2845,65.91,52,0,9.26,NA,2021-06-07 04:07:50
120,Nikolskoye,59.7035,30.7861,64.8,71,87,2.8,RU,2021-06-07 04:07:51
121,Xichang,27.8964,102.2634,67.1,90,100,1.63,CN,2021-06-07 04:07:51
122,Kuandian,40.7286,124.7847,74.34,48,63,2.3,CN,2021-06-07 04:07:51
123,Mount Isa,-20.7333,139.5,78.57,27,0,10.36,AU,2021-06-07 04:07:52
124,Port Alfred,-33.5906,26.891,62.11,36,0,8.59,ZA,2021-06-07 04:07:52
125,Turukhansk,65.8167,87.9833,38.32,60,85,10.33,RU,2021-06-07 04:07:52
126,Leeuwarden,53.2014,5.8086,55.98,93,12,3.44,NL,2021-06-07 04:07:53
127,Lebu,-37.6167,-73.65,47.43,82,98,7.61,CL,2021-06-07 04:07:53
128,Kaeo,-35.1,173.7833,62.33,95,100,12.03,NZ,2021-06-07 04:07:53
129,Sijunjung,-0.6876,100.9537,87.71,47,4,2.33,ID,2021-06-07 04:07:54
130,Gualan,15.1333,-89.3667,75.88,98,65,1.95,GT,2021-06-07 04:07:54
131,Touros,-5.1989,-35.4608,74.3,86,42,12.93,BR,2021-06-07 04:07:54
132,Lima,-12.0432,-77.0282,63.14,83,90,6.91,PE,2021-06-07 04:05:48
133,Show Low,34.2542,-110.0298,71.31,25,1,6.91,US,2021-06-07 04:07:55
134,Bredasdorp,-34.5322,20.0403,54.28,42,4,8.25,ZA,2021-06-07 04:07:55
135,Ribeira Grande,38.5167,-28.7,64.99,91,100,9.48,PT,2021-06-07 04:07:55
136,Lagoa,39.05,-27.9833,63.57,90,100,13.15,PT,2021-06-07 04:07:56
137,Sangar,63.9242,127.4739,45.46,88,100,3.0,RU,2021-06-07 04:07:56
138,Nadvoitsy,63.8667,34.3167,48.99,52,100,9.13,RU,2021-06-07 04:07:56
139,Arraial Do Cabo,-22.9661,-42.0278,71.78,87,20,6.71,BR,2021-06-07 04:07:57
140,Chatellerault,46.8,0.5333,54.55,53,94,3.47,FR,2021-06-07 04:07:57
141,Tuktoyaktuk,69.4541,-133.0374,37.67,73,22,12.17,CA,2021-06-07 04:07:58
142,Lithakia,37.7167,20.8333,72.07,82,0,0.0,GR,2021-06-07 04:07:58
143,Nukus,42.4531,59.6103,73.38,33,0,16.11,UZ,2021-06-07 04:07:58
144,Emerald,-23.5333,148.1667,75.34,33,0,5.91,AU,2021-06-07 04:07:59
145,Post Falls,47.718,-116.9516,52.77,46,75,2.86,US,2021-06-07 04:05:23
146,Bilibino,68.0546,166.4372,70.23,35,36,15.37,RU,2021-06-07 04:07:59
147,Shahr-E Babak,30.1165,55.1186,86.67,8,0,16.35,IR,2021-06-07 04:07:59
148,Zelenogradsk,54.9589,20.4767,55.45,100,75,6.76,RU,2021-06-07 04:08:00
149,Gazojak,41.1875,61.4036,89.71,21,1,20.76,TM,2021-06-07 04:08:00
150,Khatanga,71.9667,102.5,38.26,64,97,11.48,RU,2021-06-07 04:08:00
151,Saint George,37.1041,-113.5841,90.19,8,1,17.27,US,2021-06-07 04:06:47
152,Kamaishi,39.2667,141.8833,75.29,55,86,7.9,JP,2021-06-07 04:08:01
153,Kawalu,-7.3817,108.2082,85.14,61,75,4.38,ID,2021-06-07 04:08:01
154,Hobart,-42.8794,147.3294,64.26,49,75,8.99,AU,2021-06-07 04:08:02
155,Sundumbili,-29.1337,31.3975,53.47,82,0,6.73,ZA,2021-06-07 04:08:02
156,Avarua,-21.2078,-159.775,75.25,64,94,3.44,CK,2021-06-07 04:08:02
157,Ilulissat,69.2167,-51.1,37.42,81,0,0.0,GL,2021-06-07 04:08:03
158,Oistins,13.0667,-59.5333,80.69,65,40,20.71,BB,2021-06-07 04:08:03
159,Tikapur,28.5,81.1333,99.18,26,0,4.27,NP,2021-06-07 04:08:03
160,Muros,42.7762,-9.0603,54.1,88,74,7.92,ES,2021-06-07 04:08:04
161,Champerico,14.3,-91.9167,83.35,75,25,3.36,GT,2021-06-07 04:08:05
162,Cortez,37.3489,-108.5859,68.67,28,1,3.44,US,2021-06-07 04:08:05
163,Isangel,-19.55,169.2667,75.31,69,75,11.5,VU,2021-06-07 04:08:06
164,Moyale,3.5167,39.0584,64.49,83,98,10.22,KE,2021-06-07 04:08:06
165,Kaitangata,-46.2817,169.8464,54.93,79,0,8.5,NZ,2021-06-07 04:08:06
166,Norman Wells,65.282,-126.8329,40.44,97,100,1.77,CA,2021-06-07 04:08:07
167,Labuhan,-6.8844,112.2051,87.35,61,91,2.19,ID,2021-06-07 04:08:07
168,Celestun,20.8667,-90.4,85.64,61,100,14.56,MX,2021-06-07 04:08:07
169,Nador,35.174,-2.9287,64.65,88,0,4.03,MA,2021-06-07 04:08:08
170,Cidreira,-30.1811,-50.2056,62.29,78,91,13.02,BR,2021-06-07 04:08:08
171,Deputatskiy,69.3,139.9,50.4,42,88,14.43,RU,2021-06-07 04:08:08
172,Nemuro,43.3236,145.575,55.09,84,36,6.35,JP,2021-06-07 04:03:18
173,Istisu,40.9457,48.0738,57.87,85,56,3.36,AZ,2021-06-07 04:08:09
174,Esmeralda,21.8525,-78.1169,78.04,83,60,11.9,CU,2021-06-07 04:08:09
175,Fortuna,40.5982,-124.1573,55.33,82,20,8.05,US,2021-06-07 04:08:10
176,Oga,46.4631,10.347,49.24,94,100,2.93,IT,2021-06-07 04:08:10
177,North Bend,43.4065,-124.2243,55.92,84,90,6.91,US,2021-06-07 04:08:11
178,Houma,29.5958,-90.7195,75.99,94,75,9.22,US,2021-06-07 04:08:11
179,Russell,32.3502,-85.1999,74.91,88,75,3.56,US,2021-06-07 04:08:16
180,Miri,4.4148,114.0089,86.99,62,89,6.76,MY,2021-06-07 04:08:16
181,Saldanha,-33.0117,17.9442,66.27,38,2,27.07,ZA,2021-06-07 04:08:16
182,Tianpeng,30.9866,103.9393,77.63,48,100,5.21,CN,2021-06-07 04:08:17
183,Sabang,5.8933,95.3214,83.43,69,100,14.27,ID,2021-06-07 04:08:17
184,Kelamangalam,12.6,77.85,83.71,66,42,10.6,IN,2021-06-07 04:08:17
185,Taoudenni,22.6783,-3.9836,97.07,10,36,2.95,ML,2021-06-07 04:08:18
186,Alexandria,31.2156,29.9553,70.83,64,0,10.16,EG,2021-06-07 04:08:18
187,Dzhebariki-Khaya,62.2167,135.8,83.01,36,99,16.55,RU,2021-06-07 04:08:18
188,Samarai,-10.6167,150.6667,77.02,92,100,13.78,PG,2021-06-07 04:08:19
189,Razole,16.4833,81.8333,89.89,50,48,7.43,IN,2021-06-07 04:08:19
190,Matagami,49.7502,-77.6328,69.53,84,90,12.28,CA,2021-06-07 04:08:19
191,Nome,64.5011,-165.4064,36.16,83,84,7.11,US,2021-06-07 04:04:56
192,Dobryatino,55.5055,41.3195,58.98,87,84,4.85,RU,2021-06-07 04:08:20
193,Paita,-5.0892,-81.1144,68.31,81,99,10.65,PE,2021-06-07 04:08:20
194,Kahului,20.8947,-156.47,79.86,79,27,15.99,US,2021-06-07 04:04:52
195,Lata,40.1629,-8.3327,58.93,94,7,1.25,PT,2021-06-07 04:08:21
196,Castro,-24.7911,-50.0119,57.02,92,100,6.26,BR,2021-06-07 04:08:21
197,Aykhal,66.0,111.5,38.66,84,76,33.24,RU,2021-06-07 04:08:21
198,Vila Franca Do Campo,37.7167,-25.4333,63.01,89,99,3.47,PT,2021-06-07 04:08:22
199,Longyearbyen,78.2186,15.6401,35.44,80,75,2.3,SJ,2021-06-07 04:08:22
200,Tura,25.5198,90.2201,84.15,71,35,6.55,IN,2021-06-07 04:04:00
201,Tutoia,-2.7619,-42.2744,78.37,83,20,3.91,BR,2021-06-07 04:08:22
202,Kavaratti,10.5669,72.642,82.62,76,100,12.62,IN,2021-06-07 04:08:23
203,College,64.8569,-147.8028,70.12,44,40,8.05,US,2021-06-07 04:08:23
204,Cerknica,45.7931,14.3625,60.69,93,100,10.0,SI,2021-06-07 04:08:23
205,Fez,34.0372,-4.9998,70.05,49,0,4.83,MA,2021-06-07 04:08:24
206,Oranjemund,-28.55,16.4333,65.21,35,23,22.39,NA,2021-06-07 04:08:24
207,Paka,4.6374,103.4368,88.56,57,100,5.23,MY,2021-06-07 04:08:24
208,Storm Lake,42.6411,-95.2097,75.15,68,1,16.11,US,2021-06-07 04:08:25
209,Sembakung,3.8167,117.25,84.13,87,100,1.3,ID,2021-06-07 04:08:25
210,Ridgecrest,35.6225,-117.6709,72.3,20,1,12.15,US,2021-06-07 04:03:46
211,Ipora,-16.4419,-51.1178,66.56,59,92,2.98,BR,2021-06-07 04:08:26
212,Chibuto,-24.6867,33.5306,59.47,86,29,3.09,MZ,2021-06-07 04:08:26
213,Verkhniy Landekh,56.8389,42.5994,64.42,74,25,3.44,RU,2021-06-07 04:08:27
214,Acarau,-2.8856,-40.12,76.44,86,9,7.7,BR,2021-06-07 04:08:27
215,Quelimane,-17.8786,36.8883,61.02,91,49,4.36,MZ,2021-06-07 04:08:27
216,Kasangulu,-4.5911,15.1708,69.21,83,4,1.77,CD,2021-06-07 04:07:08
217,Pemangkat,1.1667,108.9667,86.2,66,31,6.67,ID,2021-06-07 04:08:28
218,Kununurra,-15.7667,128.7333,87.78,20,10,4.61,AU,2021-06-07 04:08:28
219,Kavieng,-2.5744,150.7967,83.32,71,14,5.32,PG,2021-06-07 04:08:28
220,Los Llanos De Aridane,28.6585,-17.9182,64.15,83,90,12.1,ES,2021-06-07 04:08:29
221,Carnot,4.9409,15.8665,67.01,97,71,0.87,CF,2021-06-07 04:08:29
222,La Ronge,55.1001,-105.2842,52.25,84,71,5.14,CA,2021-06-07 04:08:29
223,Ban Nahin,18.2418,104.2122,82.27,82,100,2.35,LA,2021-06-07 04:08:30
224,Medvedka,61.1629,46.387,58.06,50,44,10.83,RU,2021-06-07 04:08:30
225,Camana,-16.6228,-72.7111,62.98,85,51,5.99,PE,2021-06-07 04:08:30
226,Harwich,51.9419,1.2844,59.22,85,10,1.99,GB,2021-06-07 04:08:31
227,Geraldton,-28.7667,114.6,66.61,55,100,17.65,AU,2021-06-07 04:08:31
228,Iquique,-20.2208,-70.1431,60.84,78,98,1.48,CL,2021-06-07 04:08:31
229,Flin Flon,54.7682,-101.865,51.96,66,100,6.42,CA,2021-06-07 04:08:32
230,Dhupgari,26.5858,89.0145,84.69,74,45,8.88,IN,2021-06-07 04:08:32
231,Tiznit,29.5833,-9.5,68.5,61,90,1.48,MA,2021-06-07 04:08:32
232,Lorengau,-2.0226,147.2712,83.5,70,46,1.54,PG,2021-06-07 04:08:33
233,Hay River,60.8156,-115.7999,42.66,64,86,6.31,CA,2021-06-07 04:08:33
234,Puerto Escondido,15.85,-97.0667,83.32,81,100,5.35,MX,2021-06-07 04:08:33
235,Palkan,6.2964,125.0317,82.62,63,57,2.46,PH,2021-06-07 04:08:34
236,Kupang,-10.1667,123.5833,86.58,58,20,14.97,ID,2021-06-07 04:08:34
237,Chardara,41.2547,67.9692,90.5,25,20,9.15,KZ,2021-06-07 04:08:35
238,High Level,58.5169,-117.136,55.98,38,99,9.4,CA,2021-06-07 04:08:35
239,Vanimo,-2.6741,141.3028,82.18,83,85,6.69,PG,2021-06-07 04:08:36
240,Morros,-9.4467,-46.3003,69.22,50,93,3.47,BR,2021-06-07 04:08:36
241,Saint Anthony,45.0205,-93.218,84.22,51,1,10.11,US,2021-06-07 04:08:36
242,Laguna,38.421,-121.4238,80.42,43,1,7.0,US,2021-06-07 04:08:37
243,Krasnozerskoye,53.9828,79.2374,70.84,39,0,6.29,RU,2021-06-07 04:08:37
244,Port Hedland,-20.3167,118.5667,87.85,19,46,16.11,AU,2021-06-07 04:08:37
245,Majene,-3.5403,118.9707,86.09,64,100,7.43,ID,2021-06-07 04:07:17
246,Thompson,55.7435,-97.8558,52.61,74,100,10.94,CA,2021-06-07 04:08:38
247,Pevek,69.7008,170.3133,50.94,59,4,15.23,RU,2021-06-07 04:08:38
248,Arlit,18.7369,7.3853,89.47,14,94,6.82,NE,2021-06-07 04:08:38
249,Dunedin,-45.8742,170.5036,51.8,75,69,14.0,NZ,2021-06-07 04:08:39
250,Enid,36.3956,-97.8784,72.01,92,90,7.0,US,2021-06-07 04:08:39
251,Ganzhou,28.8184,115.4327,87.35,56,90,2.84,CN,2021-06-07 04:08:39
252,Ostrovnoy,68.0531,39.5131,39.94,72,32,5.48,RU,2021-06-07 04:08:40
253,Salalah,17.0151,54.0924,84.29,89,75,6.91,OM,2021-06-07 04:08:40
254,Lensk,60.7253,114.9278,60.31,25,4,13.67,RU,2021-06-07 04:08:40
255,Progreso,21.2833,-89.6667,84.31,61,99,13.6,MX,2021-06-07 04:08:41
256,Zhezkazgan,47.8043,67.7144,74.84,17,36,16.78,KZ,2021-06-07 04:08:41
257,Wattegama,6.7989,81.4808,83.32,56,100,4.29,LK,2021-06-07 04:08:42
258,Aden,12.7794,45.0367,87.42,77,47,6.08,YE,2021-06-07 04:05:48
259,Kindu,-2.95,25.95,68.52,99,100,1.34,CD,2021-06-07 04:08:42
260,Moron,-34.6534,-58.6198,54.97,87,97,6.82,AR,2021-06-07 04:08:42
261,Igrim,63.1906,64.4162,49.75,34,65,4.83,RU,2021-06-07 04:08:43
262,Vicam,27.6333,-110.2833,85.8,33,5,5.86,MX,2021-06-07 04:08:43
263,Chokurdakh,70.6333,147.9167,46.04,50,44,6.11,RU,2021-06-07 04:08:48
264,Cockburn Town,21.4612,-71.1419,79.74,78,7,22.01,TC,2021-06-07 04:08:48
265,Ponta Delgada,37.7333,-25.6667,63.32,88,20,3.44,PT,2021-06-07 04:08:48
266,Tasiilaq,65.6145,-37.6368,42.96,90,97,2.91,GL,2021-06-07 04:08:49
267,Bonavista,48.6499,-53.1147,38.39,81,94,4.07,CA,2021-06-07 04:08:49
268,Chara,56.9064,118.2631,46.98,86,100,5.32,RU,2021-06-07 04:08:49
269,Yerbogachen,61.2767,108.0108,53.76,38,69,12.15,RU,2021-06-07 04:08:50
270,Broken Hill,-31.95,141.4333,63.27,36,65,23.73,AU,2021-06-07 04:08:50
271,Naantali,60.4674,22.0243,59.41,72,0,4.97,FI,2021-06-07 04:08:50
272,Caninde De Sao Francisco,-9.66,-37.7894,67.89,98,18,3.33,BR,2021-06-07 04:08:51
273,Pacific Grove,36.6177,-121.9166,59.14,79,1,3.0,US,2021-06-07 04:08:51
274,Turtas,58.9417,69.1325,68.99,61,55,2.53,RU,2021-06-07 04:08:51
275,Vila Do Maio,15.1333,-23.2167,77.79,86,4,22.88,CV,2021-06-07 04:08:52
276,Manokwari,-0.8667,134.0833,83.16,71,100,5.01,ID,2021-06-07 04:08:52
277,Abu Kamal,34.4506,40.9171,77.38,26,0,12.93,SY,2021-06-07 04:08:52
278,Springbok,-29.6643,17.8865,53.4,41,1,20.76,ZA,2021-06-07 04:08:53
279,Padang,-0.9492,100.3543,84.97,61,9,4.88,ID,2021-06-07 04:08:53
280,Kenora,49.8167,-94.4337,59.14,59,10,5.73,CA,2021-06-07 04:08:53
281,Petropavlovsk-Kamchatskiy,53.0452,158.6483,46.99,93,75,4.05,RU,2021-06-07 04:08:54
282,Dwarka,22.2394,68.9678,87.08,63,17,11.72,IN,2021-06-07 04:08:54
283,Olinda,-8.0089,-34.8553,73.13,83,40,9.71,BR,2021-06-07 04:08:55
284,Fort Nelson,58.8053,-122.7002,53.15,48,100,8.23,CA,2021-06-07 04:08:55
285,Arona,28.0996,-16.681,60.31,70,20,4.05,ES,2021-06-07 04:08:55
286,Biak,-0.9131,122.8766,82.51,69,86,6.44,ID,2021-06-07 04:08:55
287,Mayo,38.8876,-76.5119,80.55,87,1,1.99,US,2021-06-07 04:08:56
288,Luderitz,-26.6481,15.1594,64.8,36,1,8.61,NA,2021-06-07 04:08:56
289,East London,-33.0153,27.9116,62.19,40,0,10.87,ZA,2021-06-07 04:08:56
290,Santa Lucia,27.9117,-15.5407,60.12,68,40,9.46,ES,2021-06-07 04:08:57
291,Kirzhach,56.15,38.8667,57.02,96,100,2.8,RU,2021-06-07 04:08:57
292,Aksu,41.1231,80.2644,85.87,17,11,8.46,CN,2021-06-07 04:08:58
293,Ofaqim,31.3141,34.6203,66.74,70,0,1.03,IL,2021-06-07 04:08:58
294,Half Moon Bay,37.4636,-122.4286,64.38,71,20,19.57,US,2021-06-07 04:08:59
295,Seoul,37.5683,126.9778,74.16,67,90,7.43,KR,2021-06-07 04:08:39
296,Batagay-Alyta,67.8006,130.4114,50.36,57,100,9.37,RU,2021-06-07 04:08:59
297,Hingoli,19.7167,77.15,88.84,50,18,6.96,IN,2021-06-07 04:08:59
298,Lardos,36.0942,28.0157,71.42,69,10,7.38,GR,2021-06-07 04:04:13
299,Vila Velha,-20.3297,-40.2925,69.94,97,0,1.99,BR,2021-06-07 04:06:33
300,Baykit,61.67,96.37,44.76,84,99,7.52,RU,2021-06-07 04:09:00
301,Srednekolymsk,67.45,153.6833,51.93,53,95,12.91,RU,2021-06-07 04:09:00
302,Pisco,-13.7,-76.2167,62.65,88,90,1.14,PE,2021-06-07 04:09:01
303,Ilukste,55.9775,26.2966,60.19,78,18,4.18,LV,2021-06-07 04:09:01
304,Arica,-18.475,-70.3042,62.83,72,90,1.92,CL,2021-06-07 04:09:02
305,Rock Springs,41.5875,-109.2029,72.84,26,20,6.31,US,2021-06-07 04:08:35
306,Olafsvik,64.8945,-23.7142,46.69,87,99,2.71,IS,2021-06-07 04:09:02
307,Axim,4.8699,-2.2405,78.3,86,30,7.38,GH,2021-06-07 04:09:02
308,Vostok,46.4856,135.8833,69.91,44,48,9.24,RU,2021-06-07 04:09:03
309,Saint-Augustin,51.226,-58.6502,46.98,80,100,8.93,CA,2021-06-07 04:09:03
310,Namatanai,-3.6667,152.4333,83.75,69,71,4.9,PG,2021-06-07 04:09:03
311,Sambava,-14.2667,50.1667,72.95,82,41,13.38,MG,2021-06-07 04:09:04
312,Gunjur,13.2019,-16.7339,75.27,94,34,13.51,GM,2021-06-07 04:09:04
313,Babstovo,48.1167,132.4833,77.22,38,48,9.48,RU,2021-06-07 04:09:04
314,Beipiao,41.7919,120.7792,79.0,36,100,14.52,CN,2021-06-07 04:09:05
315,Bandarbeyla,9.4942,50.8122,81.39,72,2,25.97,SO,2021-06-07 04:09:05
316,Sol-Iletsk,51.1631,54.9918,70.93,37,29,8.1,RU,2021-06-07 04:09:05
317,Price,39.5994,-110.8107,81.66,12,1,4.61,US,2021-06-07 04:09:06
318,Chuy,-33.6971,-53.4616,50.22,79,11,5.97,UY,2021-06-07 04:09:06
319,Coquimbo,-29.9533,-71.3436,55.13,82,90,2.66,CL,2021-06-07 04:09:06
320,Natal,-5.795,-35.2094,73.83,91,8,9.42,BR,2021-06-07 04:04:28
321,Coihaique,-45.5752,-72.0662,42.75,87,75,3.44,CL,2021-06-07 04:09:07
322,Gamba,-2.65,10.0,74.57,96,100,4.65,GA,2021-06-07 04:09:07
323,Ulaangom,49.9811,92.0667,59.11,37,5,6.62,MN,2021-06-07 04:09:08
324,Roald,62.5833,6.1333,55.0,87,90,5.75,NO,2021-06-07 04:09:08
325,Okato,-39.2,173.8833,61.43,79,100,6.15,NZ,2021-06-07 04:09:08
326,Lodja,-3.4833,23.4333,68.22,99,90,0.2,CD,2021-06-07 04:09:09
327,Surin,14.8818,103.4936,89.91,75,99,13.18,TH,2021-06-07 04:09:09
328,Minab,27.1467,57.0801,89.1,71,59,5.35,IR,2021-06-07 04:09:09
329,San Pedro,14.35,121.0167,92.35,65,40,2.66,PH,2021-06-07 04:09:10
330,Katsuura,35.1333,140.3,75.31,82,98,4.52,JP,2021-06-07 04:09:10
331,Isla Mujeres,21.2311,-86.731,82.45,85,44,11.65,MX,2021-06-07 04:09:10
332,Tekeli,44.83,78.8239,68.61,49,100,5.41,KZ,2021-06-07 04:09:11
333,Batagay,67.6333,134.6333,58.26,34,100,6.42,RU,2021-06-07 04:09:11
334,Baculin,7.4525,126.5842,82.56,80,87,4.74,PH,2021-06-07 04:09:11
335,Baruun-Urt,46.6806,113.2792,80.65,31,62,15.68,MN,2021-06-07 04:09:12
336,Sompeta,18.9333,84.6,94.41,55,92,9.66,IN,2021-06-07 04:09:12
337,Amos,48.5669,-78.1162,72.18,89,98,14.36,CA,2021-06-07 04:09:12
338,Meulaboh,4.1363,96.1285,83.07,66,100,6.73,ID,2021-06-07 04:09:13
339,Aklavik,68.2191,-135.0107,50.13,41,11,9.1,CA,2021-06-07 04:09:13
340,Puerto Madryn,-42.7692,-65.0385,48.36,56,68,20.27,AR,2021-06-07 04:09:13
341,Suez,29.9737,32.5263,66.52,72,0,8.12,EG,2021-06-07 04:09:14
342,Havoysund,70.9963,24.6622,52.68,58,10,8.34,NO,2021-06-07 04:09:14
343,Mehamn,71.0357,27.8492,42.98,70,0,10.36,NO,2021-06-07 04:09:14
344,Broome,42.2506,-75.833,72.54,77,53,2.98,US,2021-06-07 04:09:15
345,Khandyga,62.6667,135.6,82.89,34,100,14.7,RU,2021-06-07 04:09:15
346,Prince Rupert,54.3161,-130.3201,49.66,83,69,3.27,CA,2021-06-07 04:09:15
347,Tarko-Sale,64.9225,77.785,48.99,51,60,4.0,RU,2021-06-07 04:09:16
348,Dingle,10.9995,122.6711,87.33,62,100,5.32,PH,2021-06-07 04:09:16
349,Sault Sainte Marie,46.5168,-84.3333,71.89,56,1,3.44,CA,2021-06-07 04:09:16
350,Lixourion,38.2019,20.4314,72.64,62,5,1.41,GR,2021-06-07 04:09:17
351,Pechenga,69.5259,31.1703,45.46,57,1,3.85,RU,2021-06-07 04:09:17
352,Saurimo,-9.6608,20.3916,56.91,63,11,6.31,AO,2021-06-07 04:09:17
353,Sola,-13.8833,167.55,80.33,74,73,13.98,VU,2021-06-07 04:09:18
354,Key Biscayne,25.6937,-80.1628,83.01,76,75,3.0,US,2021-06-07 04:05:59
355,Namibe,-15.1961,12.1522,75.06,42,2,9.06,AO,2021-06-07 04:09:18
356,Cabedelo,-6.9811,-34.8339,75.87,86,23,10.27,BR,2021-06-07 04:09:18
357,Bilma,18.6853,12.9164,84.9,19,86,7.56,NE,2021-06-07 04:07:58
358,Zarubino,42.63,131.0922,62.28,69,22,5.12,RU,2021-06-07 04:09:19
359,Mgandu,-5.95,34.1333,53.35,92,1,7.9,TZ,2021-06-07 04:09:19
360,Sorsk,54.0033,90.2467,61.48,67,85,7.61,RU,2021-06-07 04:09:20
361,Mao,39.8885,4.2658,63.16,88,0,6.91,ES,2021-06-07 04:09:20
362,Zvishavane,-20.3267,30.0665,52.36,91,91,8.59,ZW,2021-06-07 04:09:20
363,Hualmay,-11.0964,-77.6139,63.0,86,35,5.91,PE,2021-06-07 04:09:21
364,Gravdal,68.1214,13.5031,51.69,93,75,2.3,NO,2021-06-07 04:09:21
365,Thinadhoo,0.5333,72.9333,83.39,72,52,12.48,MV,2021-06-07 04:09:21
366,Mogadishu,2.0371,45.3438,79.54,83,53,18.68,SO,2021-06-07 04:09:22
367,Zhaotong,27.3167,103.7167,56.34,88,100,2.93,CN,2021-06-07 04:09:22
368,Trebinje,42.7119,18.3442,62.96,88,20,3.91,BA,2021-06-07 04:09:22
369,Sioux Falls,43.55,-96.7003,77.95,86,21,11.97,US,2021-06-07 04:07:37
370,Port Lincoln,-34.7333,135.8667,58.55,84,44,23.8,AU,2021-06-07 04:09:23
371,Hare Bay,48.8499,-54.0148,38.19,85,87,0.4,CA,2021-06-07 04:09:23
372,Severo-Kurilsk,50.6789,156.125,43.81,92,100,14.32,RU,2021-06-07 04:09:23
373,Katesh,-4.5167,35.3833,49.39,99,21,4.18,TZ,2021-06-07 04:09:24
374,Erzin,36.9559,36.2,70.52,56,0,0.87,TR,2021-06-07 04:09:24
375,San Andres,12.5847,-81.7006,82.42,78,40,17.27,CO,2021-06-07 04:09:24
376,Madridejos,39.4682,-3.532,64.24,44,2,3.27,ES,2021-06-07 04:09:25
377,Grindavik,63.8424,-22.4338,46.87,93,75,6.69,IS,2021-06-07 04:09:25
378,Acapulco,16.8634,-99.8901,83.16,80,100,8.25,MX,2021-06-07 04:09:25
379,Ottawa,45.4112,-75.6981,71.8,96,93,8.23,CA,2021-06-07 04:07:19
380,Verkhnyaya Inta,65.9811,60.3094,39.52,61,100,12.26,RU,2021-06-07 04:09:26
381,San Vicente,-26.6167,-54.1333,58.15,100,100,1.05,AR,2021-06-07 04:09:26
382,Andilamena,-17.0167,48.5833,56.32,87,67,9.24,MG,2021-06-07 04:09:17
383,Pringsewu,-5.3582,104.9744,87.85,54,24,6.17,ID,2021-06-07 04:09:27
384,Glace Bay,46.1969,-59.957,46.6,91,59,4.36,CA,2021-06-07 04:09:27
385,Ponto Novo,-10.8628,-40.1336,66.33,97,66,4.27,BR,2021-06-07 04:09:27
386,Abu Samrah,35.3029,37.1841,67.64,39,0,5.44,SY,2021-06-07 04:09:28
387,Puro,12.4841,123.3827,85.69,67,100,6.26,PH,2021-06-07 04:09:28
388,Amahai,-3.3333,128.9167,82.99,74,93,6.98,ID,2021-06-07 04:09:28
389,Ancud,-41.8697,-73.8203,53.22,89,100,17.34,CL,2021-06-07 04:09:29
390,Sajanan,37.0573,9.2426,64.35,93,65,10.96,TN,2021-06-07 04:09:29
391,Smithers,54.7804,-127.1743,50.61,62,99,5.32,CA,2021-06-07 04:09:29
392,Shingu,33.7333,135.9833,74.25,66,100,6.24,JP,2021-06-07 04:09:30
393,Pauini,-7.7136,-66.9764,72.03,99,94,0.47,BR,2021-06-07 04:09:30
394,Pochutla,15.7432,-96.4661,77.83,88,100,4.74,MX,2021-06-07 04:09:30
395,Sinor,21.9167,73.3333,89.62,60,89,10.92,IN,2021-06-07 04:09:31
396,La Massana,42.5667,1.4833,43.68,85,9,4.05,AD,2021-06-07 04:09:31
397,Real,14.6625,121.6047,93.15,59,93,3.42,PH,2021-06-07 04:09:31
398,Bridlington,54.0831,-0.1919,52.86,88,58,1.92,GB,2021-06-07 04:09:32
399,Bima,-8.4667,118.7167,92.01,49,24,3.74,ID,2021-06-07 04:09:32
400,Westport,41.1415,-73.3579,80.74,81,1,1.01,US,2021-06-07 04:09:32
401,San Jose,37.3394,-121.895,63.72,51,20,3.0,US,2021-06-07 04:09:33
402,Waipawa,-41.4122,175.5153,57.04,77,91,11.03,NZ,2021-06-07 04:09:33
403,Talnakh,69.4865,88.3972,32.65,94,100,6.02,RU,2021-06-07 04:09:33
404,Vitim,59.4511,112.5578,62.15,27,39,10.67,RU,2021-06-07 04:09:34
405,Miraflores,19.2167,-98.8083,66.87,65,99,4.74,MX,2021-06-07 04:09:34
406,Wolow,51.3366,16.6443,63.1,78,47,1.72,PL,2021-06-07 04:09:34
407,Glendive,47.1053,-104.7125,62.49,38,1,6.91,US,2021-06-07 04:06:12
408,Victoria,22.2855,114.1577,89.65,75,59,3.0,HK,2021-06-07 04:06:16
409,Khani,41.9563,42.9566,51.37,81,3,1.32,GE,2021-06-07 04:09:35
410,Alofi,-19.0595,-169.9187,77.27,63,8,9.24,NU,2021-06-07 04:09:36
411,Kwinana,-32.25,115.7667,63.81,59,100,3.0,AU,2021-06-07 04:09:36
412,Guerrero Negro,27.9769,-114.0611,62.69,78,92,14.99,MX,2021-06-07 04:09:37
413,Bursa,40.1667,29.0833,46.44,55,21,1.83,TR,2021-06-07 04:09:37
414,La Asuncion,11.0333,-63.8628,87.53,70,26,15.75,VE,2021-06-07 04:06:12
415,Katobu,-4.9408,122.5276,88.61,49,42,7.45,ID,2021-06-07 04:09:37
416,Siniscola,40.5719,9.6922,63.95,88,4,6.24,IT,2021-06-07 04:09:38
417,Kingsville,27.5159,-97.8561,84.06,92,1,3.0,US,2021-06-07 04:09:38
418,Grand-Santi,4.25,-54.3833,71.53,99,100,2.08,GF,2021-06-07 04:09:38
419,Basco,20.4487,121.9702,83.43,76,100,11.1,PH,2021-06-07 04:09:39
420,Huayang,34.4155,109.9939,84.94,22,82,5.75,CN,2021-06-07 04:09:39
421,Tyup,42.7276,78.3648,65.19,56,100,5.99,KG,2021-06-07 04:09:39
422,Pombia,45.653,8.6336,63.9,93,75,4.61,IT,2021-06-07 04:09:40
423,Vestmanna,62.1564,-7.1664,47.32,100,90,6.69,FO,2021-06-07 04:09:40
424,Radzyn Podlaski,51.7833,22.6167,57.85,87,99,4.94,PL,2021-06-07 04:09:41
425,Batemans Bay,-35.7167,150.1833,62.91,46,85,6.24,AU,2021-06-07 04:09:41
426,Cayenne,4.9333,-52.3333,79.09,87,90,1.23,GF,2021-06-07 04:09:41
427,Sistranda,63.7256,8.834,54.9,93,95,11.83,NO,2021-06-07 04:09:41
428,Boda,4.3189,17.4695,68.29,97,91,2.57,CF,2021-06-07 04:09:42
429,Maarianhamina,60.0973,19.9348,60.66,82,0,0.0,AX,2021-06-07 04:09:42
430,Nicoya,10.1483,-85.452,76.55,88,72,0.81,CR,2021-06-07 04:09:42
431,Nelson Bay,-32.7167,152.15,69.1,64,81,1.99,AU,2021-06-07 04:09:43
432,Sur,22.5667,59.5289,86.99,66,0,10.33,OM,2021-06-07 04:09:43
433,Tulun,54.5611,100.5792,63.59,43,32,7.4,RU,2021-06-07 04:09:43
434,Kloulklubed,7.0419,134.2556,79.3,80,100,6.42,PW,2021-06-07 04:09:44
435,Araouane,18.9048,-3.5265,92.62,19,0,3.96,ML,2021-06-07 04:09:44
436,Katherine,-14.4667,132.2667,84.52,45,75,5.3,AU,2021-06-07 04:09:44
437,Atar,20.5169,-13.0499,88.18,17,6,14.97,MR,2021-06-07 04:09:45
438,Oxford,51.7522,-1.256,59.16,94,22,3.94,GB,2021-06-07 04:09:02
439,Aksarka,66.5606,67.7975,42.94,45,11,5.88,RU,2021-06-07 04:09:45
440,Vardo,70.3705,31.1107,43.0,72,7,7.02,NO,2021-06-07 04:09:45
441,Isla Vista,34.4133,-119.861,63.68,70,20,6.91,US,2021-06-07 04:09:46
442,Warmbad,-28.45,18.7333,56.93,38,0,22.64,NA,2021-06-07 04:09:46
443,Aranos,-24.1333,19.1167,45.28,62,0,14.9,NA,2021-06-07 04:09:47
444,Yinchuan,38.4681,106.2731,82.98,26,26,4.05,CN,2021-06-07 04:06:48
445,Dera Bugti,29.0307,69.151,94.03,38,0,5.77,PK,2021-06-07 04:09:47
446,Polyanka,50.2584,27.6881,56.35,89,44,7.81,UA,2021-06-07 04:09:47
447,Coahuayana,18.7333,-103.6833,78.87,78,58,0.31,MX,2021-06-07 04:09:48
448,Tual,-5.6667,132.75,81.39,79,90,13.15,ID,2021-06-07 04:09:48
449,Galle,6.0367,80.217,82.72,79,96,11.95,LK,2021-06-07 04:09:48
450,Birao,10.2849,22.7882,75.4,78,62,3.33,CF,2021-06-07 04:06:10
451,Hofn,64.2539,-15.2082,47.01,97,100,12.21,IS,2021-06-07 04:09:49
452,Alamosa,37.4695,-105.87,57.18,72,1,4.61,US,2021-06-07 04:09:49
453,Bethanien,-26.502,17.1583,51.53,44,3,14.09,NA,2021-06-07 04:09:50
454,Warrenton,-28.114,24.8475,41.07,80,0,9.69,ZA,2021-06-07 04:09:50
455,Virginia Beach,36.8529,-75.978,80.11,87,1,6.91,US,2021-06-07 04:08:38
456,Yishui,35.7847,118.6281,94.86,25,100,14.58,CN,2021-06-07 04:09:51
457,Ballina,-28.8667,153.5667,67.95,56,23,3.71,AU,2021-06-07 04:09:56
458,Kropotkin,45.4375,40.5756,57.94,88,98,9.35,RU,2021-06-07 04:09:56
459,Cherskiy,68.75,161.3,71.29,33,87,20.36,RU,2021-06-07 04:09:56
460,Naze,28.3667,129.4833,71.82,93,100,8.01,JP,2021-06-07 04:09:57
461,Omsukchan,62.5333,155.8,54.16,59,99,7.61,RU,2021-06-07 04:09:57
462,Priargunsk,50.3691,119.1012,78.53,31,2,8.43,RU,2021-06-07 04:09:57
463,Arkhangelsk,64.5401,40.5433,44.71,61,0,7.0,RU,2021-06-07 04:09:58
464,Cabo San Lucas,22.8909,-109.9124,87.8,62,11,11.41,MX,2021-06-07 04:05:38
465,Tommot,58.9564,126.2925,56.48,68,100,10.94,RU,2021-06-07 04:09:58
466,Bubaque,11.2833,-15.8333,79.21,83,100,15.9,GW,2021-06-07 04:09:58
467,Maloy,61.9353,5.1136,54.73,88,12,8.34,NO,2021-06-07 04:09:59
468,Vysha,53.8477,42.3777,59.47,88,58,3.49,RU,2021-06-07 04:09:59
469,Beira,-19.8436,34.8389,65.7,90,95,9.78,MZ,2021-06-07 04:09:59
470,Atasu,48.6814,71.6433,71.04,26,100,13.29,KZ,2021-06-07 04:10:00
471,Barra Do Garcas,-15.89,-52.2567,69.19,63,85,1.72,BR,2021-06-07 04:10:00
472,Barrhead,55.7992,-4.3929,51.76,88,98,1.99,GB,2021-06-07 04:10:01
473,Eidfjord,60.4675,7.0719,56.43,82,52,1.5,NO,2021-06-07 04:10:01
474,Clyde River,70.4692,-68.5914,34.97,100,100,2.13,CA,2021-06-07 04:07:55
475,Te Anau,-45.4167,167.7167,46.8,83,0,0.69,NZ,2021-06-07 04:10:01
476,Bubanza,-3.1167,29.4,68.23,79,99,2.21,BI,2021-06-07 04:10:04
477,Borovskoy,53.8,64.15,71.01,33,14,1.83,KZ,2021-06-07 04:10:04
478,Omboue,-1.5746,9.2618,75.15,96,99,5.17,GA,2021-06-07 04:10:04
479,Ambilobe,-13.2,49.05,70.43,88,63,3.42,MG,2021-06-07 04:10:05
480,Bafoulabe,13.8065,-10.8321,90.28,34,9,2.95,ML,2021-06-07 04:10:05
481,Andenes,69.3143,16.1194,57.18,51,0,11.5,NO,2021-06-07 04:10:05
482,Udachnyy,66.4167,112.4,43.39,75,79,25.14,RU,2021-06-07 04:10:06
483,Mercedes,-34.6515,-59.4307,51.85,86,91,6.51,AR,2021-06-07 04:10:06
484,Gboko,7.3179,8.9951,73.69,93,100,5.37,NG,2021-06-07 04:10:06
485,San Quintin,30.4833,-115.95,68.43,78,33,6.71,MX,2021-06-07 04:10:07
486,Vila Praia De Ancora,41.811,-8.8526,62.11,87,80,5.91,PT,2021-06-07 04:10:07
487,Ambon,-3.6954,128.1814,87.94,66,40,11.43,ID,2021-06-07 04:10:07
488,Reconquista,-29.15,-59.65,56.93,69,99,9.33,AR,2021-06-07 04:10:08
489,Nantucket,41.2835,-70.0995,70.02,88,1,10.36,US,2021-06-07 04:10:08
490,Nuuk,64.1835,-51.7216,40.87,93,90,2.3,GL,2021-06-07 04:10:08
491,Eurajoki,61.2,21.7333,57.22,65,86,2.8,FI,2021-06-07 04:10:09
492,Rudsar,37.1376,50.288,71.58,81,86,3.33,IR,2021-06-07 04:10:09
493,Alghero,40.5589,8.3181,62.69,94,40,6.91,IT,2021-06-07 04:10:09
494,Kivertsi,50.8343,25.4582,58.91,83,28,7.45,UA,2021-06-07 04:10:10
495,Nyurba,63.2842,118.3319,57.31,29,46,17.11,RU,2021-06-07 04:10:10
496,Santa Rosalia,27.3167,-112.2833,80.42,33,63,9.17,MX,2021-06-07 04:10:11
497,Kalach-Na-Donu,48.691,43.5264,63.72,74,100,7.09,RU,2021-06-07 04:10:11
498,Garhshankar,31.2167,76.1333,100.53,21,0,3.51,IN,2021-06-07 04:10:11
499,Urusha,54.05,122.9,83.48,24,7,7.52,RU,2021-06-07 04:10:12
500,Tignere,7.3667,12.65,62.83,89,79,2.53,CM,2021-06-07 04:10:12
501,Dickinson,29.4608,-95.0513,82.49,85,40,1.01,US,2021-06-07 04:07:42
502,Verkhnevilyuysk,63.4453,120.3167,58.37,28,29,16.62,RU,2021-06-07 04:10:12
503,Denpasar,-8.65,115.2167,82.06,89,20,6.6,ID,2021-06-07 04:09:06
504,Orsha,54.5153,30.4053,57.31,90,56,5.75,BY,2021-06-07 04:10:13
505,Tucuma,-0.1833,-50.05,75.31,92,11,5.39,BR,2021-06-07 04:10:13
506,San Francisco,37.7749,-122.4194,65.01,74,20,7.0,US,2021-06-07 04:06:17
507,Paciran,-6.8767,112.3761,86.81,62,97,2.26,ID,2021-06-07 04:10:14
508,Saint-Pierre,-21.3393,55.4781,71.28,85,90,19.57,RE,2021-06-07 04:10:14
509,Opuwo,-18.0607,13.84,53.74,52,2,6.55,NA,2021-06-07 04:10:14
510,Upington,-28.4478,21.2561,48.92,50,0,15.84,ZA,2021-06-07 04:10:15
511,Egvekinot,66.3167,-179.1667,42.15,51,4,0.72,RU,2021-06-07 04:10:15
512,Sindor,62.8629,51.8905,47.39,44,15,10.51,RU,2021-06-07 04:10:15
513,Cabaiguan,22.0789,-79.4992,78.42,94,34,8.81,CU,2021-06-07 04:06:12
514,Mildura,-34.2,142.15,66.16,42,24,20.71,AU,2021-06-07 04:10:16
515,Ormara,25.2088,64.6357,84.78,67,90,7.47,PK,2021-06-07 04:10:16
516,Pangnirtung,66.1451,-65.7125,29.48,89,96,3.44,CA,2021-06-07 04:10:16
517,Mabaruma,8.2,-59.7833,73.0,99,89,2.51,GY,2021-06-07 04:10:17
518,Basoko,1.2391,23.616,71.55,95,100,1.1,CD,2021-06-07 04:10:17
519,Tubuala,9.5167,-79.0333,78.33,85,92,1.99,PA,2021-06-07 04:10:18
520,Bafata,12.1667,-14.75,75.9,83,88,3.76,GW,2021-06-07 04:10:18
521,Magalia,39.8121,-121.5783,76.55,28,21,5.23,US,2021-06-07 04:10:18
522,Lavrentiya,65.5833,-171.0,34.74,85,89,6.02,RU,2021-06-07 04:10:19
523,Abu Dhabi,24.4667,54.3667,91.51,62,0,11.05,AE,2021-06-07 04:09:40
524,Soyo,-6.1349,12.3689,74.41,91,13,4.92,AO,2021-06-07 04:10:19
525,Maesteg,51.6093,-3.6582,53.64,92,82,2.46,GB,2021-06-07 04:10:20
526,Odweyne,9.4092,45.064,74.55,57,1,13.38,SO,2021-06-07 04:10:20
527,Kyren,51.6828,102.1408,56.46,48,93,1.52,RU,2021-06-07 04:10:20
528,Evensk,61.95,159.2333,50.0,72,59,8.12,RU,2021-06-07 04:10:21
529,Ossora,59.2353,163.0719,42.22,88,100,4.88,RU,2021-06-07 04:10:21
530,Antsohihy,-14.8796,47.9875,73.56,65,8,11.01,MG,2021-06-07 04:10:21
531,Olga,43.7444,135.2892,72.19,47,8,7.43,RU,2021-06-07 04:10:22
532,Maldonado,-34.6667,-54.9167,45.79,90,100,4.88,UY,2021-06-07 04:10:22
533,Corumba,-19.0092,-57.6533,70.9,75,22,3.33,BR,2021-06-07 04:10:22
534,Ostersund,63.1792,14.6357,54.61,100,0,6.91,SE,2021-06-07 04:10:23
535,Kismayo,-0.3582,42.5454,76.98,84,63,13.78,SO,2021-06-07 04:10:23
536,Tanete,-3.9443,119.7848,93.34,45,64,9.01,ID,2021-06-07 04:10:23
537,Rafai,4.95,23.9167,67.17,99,100,0.63,CF,2021-06-07 04:10:24
538,Richards Bay,-28.783,32.0377,56.52,81,1,7.56,ZA,2021-06-07 04:10:24
539,Sandakan,5.8402,118.1179,80.38,79,100,5.3,MY,2021-06-07 04:10:24
540,Maryville,35.7565,-83.9705,74.16,93,90,3.44,US,2021-06-07 04:05:48
541,Am Timan,11.0297,20.2827,80.69,61,92,4.03,TD,2021-06-07 04:10:25
542,Buraydah,26.326,43.975,89.51,11,27,9.13,SA,2021-06-07 04:10:25
543,Novouzensk,50.4592,48.1431,66.56,69,44,5.48,RU,2021-06-07 04:10:25
544,Belyy Yar,53.6039,91.3903,64.29,63,0,5.7,RU,2021-06-07 04:10:26
545,Sao Francisco Do Sul,-26.2433,-48.6381,64.11,97,100,5.01,BR,2021-06-07 04:10:26
546,Kangaatsiaq,68.3065,-53.4641,37.06,87,27,9.35,GL,2021-06-07 04:10:26
547,Birjand,32.8663,59.2211,91.87,9,0,13.8,IR,2021-06-07 04:10:27
548,Dinguiraye,11.3,-10.7167,75.47,65,98,2.62,GN,2021-06-07 04:10:27
549,Krasnyy Yar,46.5331,48.3456,71.53,47,89,6.04,RU,2021-06-07 04:10:27
550,Jand,33.4299,72.0193,98.58,25,0,4.85,PK,2021-06-07 04:10:28
551,Bolivar,37.6145,-93.4105,70.9,95,84,7.45,US,2021-06-07 04:10:28
552,Bendigo,-36.7667,144.2833,60.85,59,95,5.01,AU,2021-06-07 04:10:28
553,Gornopravdinsk,60.05,69.9,57.18,80,99,6.49,RU,2021-06-07 04:10:29
554,Komsomolskiy,40.4272,71.7189,89.02,26,81,2.3,UZ,2021-06-07 04:10:29
555,Escanaba,45.7453,-87.0646,71.67,83,1,10.36,US,2021-06-07 04:06:11
556,Domoni,-12.2569,44.5319,77.09,80,81,12.62,KM,2021-06-07 04:10:30
557,Zhanaozen,43.3,52.8,71.31,53,8,8.12,KZ,2021-06-07 04:10:30
558,Bambanglipuro,-7.95,110.2833,68.61,68,48,8.61,ID,2021-06-07 04:10:30
559,Juneau,58.3019,-134.4197,55.4,87,75,3.47,US,2021-06-07 04:07:44
560,Yulara,-25.2406,130.9889,69.64,26,56,6.91,AU,2021-06-07 04:10:31
561,Sadova,43.9,23.95,62.24,89,33,2.01,RO,2021-06-07 04:10:31
562,Murbad,19.25,73.4,83.41,63,32,7.56,IN,2021-06-07 04:10:32
563,Havelock,34.8791,-76.9013,77.95,92,1,3.0,US,2021-06-07 04:10:32
564,Tigil,57.8,158.6667,53.22,70,94,6.87,RU,2021-06-07 04:10:32
565,Chivilcoy,-34.8957,-60.0167,46.02,64,93,7.0,AR,2021-06-07 04:10:33
566,Rundu,-17.9333,19.7667,44.49,71,6,6.55,NA,2021-06-07 04:10:33
567,Maceio,-9.6658,-35.7353,72.84,94,0,1.39,BR,2021-06-07 04:10:33
568,Moyo,3.6609,31.7247,63.68,95,11,2.91,UG,2021-06-07 04:10:34
569,Caravelas,-17.7125,-39.2481,71.92,85,42,3.51,BR,2021-06-07 04:10:34
570,Douglas,41.3,-96.167,75.13,73,1,9.22,US,2021-06-07 04:09:35
571,Sinegorye,62.0788,150.477,61.16,50,100,1.83,RU,2021-06-07 04:10:34
572,Sao Joao Da Barra,-21.6403,-41.0511,72.27,89,100,9.91,BR,2021-06-07 04:10:35
573,Mezen,65.8522,44.24,43.72,51,3,5.91,RU,2021-06-07 04:10:35
